caminho,bytes,sha256
base-rodada-2/catalogo.json,250679,710d913a684126123e22d9165ab78f93fff7e014a1a32b02bb5e75e1f11f9f72
base-rodada-2/doc.txt,21686,e18dd303b20cb4415991c9681ab5cb654be3f064a3e041cf7397684fb7dd2698
base-rodada-2/integridade.py,12556,5c11ccdace7fe12031f7f7276194d2b25b95e5d2484add7ba63fa5ed4c1a31ae
base-rodada-2/main_r2_full.txt,42179,a6f54ce39f7df2102063b8bc14711188f241592592addbc4c957ab98a2b647dd
base-rodada-2/mut_valor.json,52117,d59867f7b0a0d5d3be860f30cfb3c6450e2461c5059b3ddd9a19616f717e2ac4
base-rodada-2/tab_e.md,8959,01f605340ee3e39949f7bf1ed01fdd10482fca9e2956c16c9fcc6be9adf07ec9
c2p-fragmentos-superados/00_head.py,4211,21617049009299b2f8907be4664629ee6c5aeaa3107c713ddd074f7b143fb4b0
c2p-fragmentos-superados/01_es01.py,9624,c68f4f299ce5106523947d4f2d9694217ab0a709aa6ba3f295ecbabc210de915
c2p-fragmentos-superados/02_es02.py,5469,3725461706150fc7852b2e1bf8002fb46e3e2140260600e292a316ba131bd0b1
c2p-fragmentos-superados/03_es03.py,7009,978fc47721425b13fa4b3a0a5dd7e6a0607d31c1ee81517170cbc820463fc0b5
c2p-fragmentos-superados/04_es04.py,12268,8b2ecac3574858c1ba8cf50746c180179a258d2ec24ba48ee6af8fb5b3e45781
c2p-fragmentos-superados/05_es05.py,12738,8391b1a478c64acb67bef3780e14118647962014a76e1d7225022746e7c0c830
c2p-fragmentos-superados/06_es06.py,6245,f0f21d42f4c9b5550fcdab8a1d123b91c9cefccc7bde36312663bc8de30c5c0a
c2p-fragmentos-superados/99_tail_base.py,27136,5fda28736adca3aed906b09d94ee37e29c97917bdc669264f5301eb1b20f0709
c2p-fragmentos-superados/99b_fecho.py,19004,971c0cc89ce540c71d01dcf30a790a45aebf3c66e7346deb5c7d1f1b37dfe086
c2p-fragmentos-superados/montar.py,630,12771b18fde6a57fe2ce48656486e52d21576e5b597e2a2ca94b701a31085e9c
catalogo-rodada-2-pdf/Catalogo 0 - Visao geral.pdf,168276,77beb43aeb8bac8c0cf72e703477f9b9677e4b89ee095e8348128a261cd09dd0
catalogo-rodada-2-pdf/Catalogo 1 - De valor.pdf,259041,0473323f1cee54b8bf0ff87b5c08c079ed0cb2d58b2e6d3936bebb9e04272626
catalogo-rodada-2-pdf/Catalogo 2 - Corporativas.pdf,404877,4b2d63946d6634b79e72918cfe1618de32a4a90b9d8b84b618ad40e989541216
catalogo-rodada-2-pdf/Catalogo 3 - Entre Ecossistema e empresas.pdf,163190,0b83b88ac6fb045592b59588256560fe37bca87854942814d1ed5bfaeb6049b8
catalogo-rodada-2-pdf/Catalogo 4 - Internas dos circulos.pdf,586155,74a70e08ae6af6f728321c98aaa9452367c403b2d3135f0fdd478a503eac998d
circulo1-treze-jornadas/bpmn/ID-01.bpmn,24793,74dd07c2c0ab9413dad1becac02de595d3a9d5bed2ca5d60d5ca0c878323eba3
circulo1-treze-jornadas/bpmn/ID-02.bpmn,30341,40d5081f77cb7028e013bda9d0078e221df0cc35934aec6c4806c1fa09ee8f89
circulo1-treze-jornadas/bpmn/ID-03.bpmn,32867,829ed07e4d3c6b6b6a944d5136223790c37a58b55a2825dac700c1b062a95feb
circulo1-treze-jornadas/bpmn/ID-04.bpmn,26442,456663d4a80e522af50a5a36a4daa305c58147e49b28ad1ec2b62b5e7e4b3d49
circulo1-treze-jornadas/bpmn/ID-05.bpmn,21635,71bca385d2ae64d39e8bb01ad0a0a9d857b687fd27519b404e4866715135885e
circulo1-treze-jornadas/bpmn/ID-06.bpmn,14828,5b5d405a9079a587d6ef3d7a5704d97d212075d2dd01c85a80419919a3221dc4
circulo1-treze-jornadas/bpmn/ID-07.bpmn,17985,d9a6575c212d0053d88333ba38513d8311bf1eb0c4d05b9b6b752cdd7fceb370
circulo1-treze-jornadas/bpmn/ID-08.bpmn,24404,8ef738b8f524fafd2d7bc75ea57e7c7a0fc3211230f8a240d36c274d4e1b7bbb
circulo1-treze-jornadas/bpmn/ID-09.bpmn,23976,c38972ebe3ee783aa5af8e96f2cea8bc5bad06c03282c374299698f3e9d6e311
circulo1-treze-jornadas/bpmn/ID-10.bpmn,33598,f6db4f5f73dca017822d98fa4669af64baf929d463f264b62e9a772c8a974563
circulo1-treze-jornadas/bpmn/ID-11.bpmn,27856,1f2870462f583947989b2953a4d6b3414e4485b205a89636bd2f53de0dc78f9f
circulo1-treze-jornadas/bpmn/ID-12.bpmn,24952,5983fd2381c4d753177fac4b04a551b4d955750acafca06e056a46b34f2f846d
circulo1-treze-jornadas/bpmn/ID-13.bpmn,24018,8a3ea84c7b8230bee529f1a4c663f5628b8a05ef72fa25a41e4761970c0053b4
circulo1-treze-jornadas/circulo1-13-jornadas.json,451403,bb76416a354112c845f594fa390710d201669bbde77ae9d19dfaa04a2e647cbb
circulo1-treze-jornadas/dados.py,67848,a4c75cbdda199747b57275b8e6fd4288276706411ee3ce71a72bb960df355176
circulo1-treze-jornadas/gerar.py,34645,710e6df135633a564854ed7d54edc683da0378f6e756788459df6c8939209781
circulo1-treze-jornadas/pagina.py,36617,fccb02934146a5c22e5b9f978216617edc7c7241992b88cf1ce70a3b25861498
modulos/alcadas_fluxo_antes_2105.py,6777,036106a364c7b3b72c7ca0fa25133729a47e12171faa833b0de5702ce37cc7b8
modulos/c1_antes_1548.py,42335,a4f78b8c8960cb985a1db26b86949a2095ea2169d046fb2eb356c3b5c67c3b13
modulos/c1_antes_aplicar_1.py,44441,cef28ee5d9b4ff87e1a9e956a7b8097847cef291da6d2054a17b54a8e65c1c8b
modulos/c1_antes_c3.py,43999,db208856df1772f6b53aef520af62eff196e4ec5ac08b42526b9953c2aa434dd
modulos/c1_antes_c6fecho.py,46795,b042ac8a4e9822985676d51031deb09535141cb9e72d85c7dc7e04632dade70c
modulos/c1_antes_correcoes_revisor.py,46217,17ac18a2ae4d0fdb4dc53d1fd5e072e28ede7083594a7b589285e3e1b9ae7a94
modulos/c1_antes_final.py,46762,eb72dff3e7d3485902b0e6d9454eb881f4cccf73647f350a5ffddbce9e6fe7d2
modulos/c1_antes_pendencias.py,45635,9e27235c613afbe7950f01ed8f5d5ee9f9deefc0cf66a3daa07881d9465a5801
modulos/c2_antes_1548.py,55304,76a32b5ca665243f65744cc728479bf646455ef15d50da9da3cbd71351813137
modulos/c2_antes_aplicar_18.py,63068,2e9598119846363b97b844dfbd081c1005da30578053ca12808aba3c56d40586
modulos/c2_antes_c3.py,54335,a414c57f7420b3ee22c152a1fb31f8800aac5c18d6f734b3f9c2a24e267570b2
modulos/c2_antes_correcoes_revisor.py,92083,bdb1033ace23e3d4b40d616a3db535c325ec1e9ae0abb721524dac44d34b286a
modulos/c2_antes_final.py,94197,255a05ca650d1bd0ff931e0a2104f8cfcb2c1687eb10442f96a47359c81b8933
modulos/c2_antes_pendencias.py,89261,e8f6495c2e0891383f471a0160642dfeee67527b93820c6c01ab0e0a2a2a9de4
modulos/c2_antes_propostas_c4.py,88250,08537c432f113b1240032deb8761573b67599305f7e98208ef2f65be2ee46730
modulos/c2_antes_propostas_revisao2.py,55217,fbc026102f0b44550b189c4bd0a56af8708376d2d7e47686847da0ee532213e9
modulos/c3_antes_correcoes_revisao4.py,104765,c2f1c32e366c255300ee26f54e0d1e7ddb8fd3947a35d80db08356df902e461c
modulos/c3_antes_fechamento.py,107583,6c6300f7bd4cb2a164a9a322aa82fc101b55537d0c1817a102f0ab3437e8bf60
modulos/c3_antes_final.py,116471,e7d7a690be0c99dde004406c8822a340e493868e39f9a3fa26091a820da64c00
modulos/c3_antes_pendencias.py,116392,6ff6e2c5d8d783a3d8c8f366126e1b323fabe6b3a4c542be760704ed1e843ee9
modulos/c3_antes_propostas_c4.py,115365,8987cc133b5d34b241cfd547984df423bd295ce7cfb9d7bf960c30992bba444e
modulos/c3_v1_antes_revisao.py,69101,1e899931415c9b8e0dcf3c227906d59e062be798ab6ad6a2e70f7481c89d29f6
modulos/c3_v2_antes_revisao2.py,83352,f6151e6811bc508809d2306749a5b936e5a3f5e5f2bfb9092282c98f26ae5a87
modulos/c3_v2_revisada.py,84462,d13826d0261f579709647cbfba8ee17e7262ac2ccbd3e82fa21803757f807c69
modulos/c3_v3_antes_revisao3.py,102552,51836633f52369a0cbf7f45d37c1a3f550ea4fcab64c4d4f102da7e83e2fa7e4
modulos/c6p_antes_c7_01_projetos.py,24100,ab12e516e2eb9228026de7379a583a445e5a75e8274027a9e5af30fcf8431354
modulos/c6p_antes_c9_02.py,12785,1ec05686d86196742624b4ec154c575646b5012cf31a52a2096ea46e5d68bf8e
modulos/circulos_antes_c7.py,661,b436e452b5b8dbf7ec7807d9efad92d5ea91a29ed94687410f4abcdad89beaea
modulos/cruzar_antes_c3.py,5979,47df9b443e66b522bc8756a97e111a37c1c0398a98445d4c726f93112bd9f440
modulos/dsl_antes_c4.py,3752,5e280fc4e3bb5da60721dc00d201b23294b6756c94bc51b41232e8ef3c94c405
modulos/empacotar_antes_c3.py,3494,1a57b2bee32f3679654b345993652e9b86f9e2213f3c9a0230e71cf04d951961
modulos/fontes_antes_2105.py,34069,fb8eac97f3117022b964fe9494de6e2842dc0e1c24f4a9e2eeeb2bc049c6cd08
modulos/fontes_antes_c3.py,14009,1cd0058fab7cdfc23cc3bc15eae317ca46bf1d815239dc39944afc6d7f8e6cfd
modulos/fontes_antes_c4.py,23667,16675c013b1afdc041ad81b41d23729e0b8da90f4c999a42cf750c2aaafe2ef7
modulos/fontes_antes_c5.py,25068,c251a79c30ccf7f4221d288efa0ece2db17b3bde347e98a5bb9e3a31a65e40e2
modulos/fontes_antes_c6.py,25698,659917717eca5632a1e11633da3a87fd83edfc89b7ec3a1826d01773da8c8ea1
modulos/fontes_antes_c7.py,26450,72f8c22a0a053813493a026a7303df8ca9c29f0b2820e741826af77c3d78d13e
modulos/fontes_antes_c9.py,27832,c0d66d581f6e3dc14f3885eb9c221f2bc80e40e5f2ed12b55358c1b04fc388ab
modulos/fontes_antes_revisao_c3.py,22543,132ce3dea00d181346614a452f6bc50aee14d254cbd89048ea17091301843fd7
modulos/fontes_antes_t10.py,32586,4f4d11b3979e1a1fb9a3c9d7932f2464a6c1ef26520b9f510ad7775788c6efe6
modulos/gerar_antes_c3.py,42674,e2d0bf1bd0f6dcde346ab1467bcc88e6a54c43741f8a94f3d2ab6728f0ee0ee3
modulos/mutacao_antes_c3.py,5286,33d36e5f430ef4f48e4d530d19fbde58135816c80c0795e85f0a49d48fd27791
modulos/pagina_antes_c3.py,46982,bf76bdd873e1ae09326c1179a6773169fd8965cc5ef630b6f32f761b6e03e679
modulos/pagina_antes_c7.py,49481,9f841b23120f179e0ce7ac7ce4a95222b56c76ca5bf09cf4acfe1c2f7061e3e1
modulos/testar_antes_c3.py,2802,ec1b9e4ecea5e8f4544a205a578814848b6b3f1a6b8224f93f1c5d7a39d7be48
