caminho,bytes,sha256,jornada,circulo,paginas,versao_modelo
ES-01.pdf,1092293,153e57cce630536ac7033b1062269b3361f9b4fd5c02cc9cd252ee7df4e1e90f,ES-01,ES,11,2026-10-03
ES-02.pdf,639729,e5345f3006acc061cc4caa57950d6d0c9109bdd06a5570088cf3fc9c9a36db8b,ES-02,ES,9,2026-10-03
ES-03.pdf,865534,9b4be64d38838bc7634942ba816748aa5753c8bcb1b4cfc3fe447952f30a5b2f,ES-03,ES,11,2026-10-03
ES-04.pdf,1443698,628202d96ffb8a3bdd6094d7aa1d70d8ba71f34716881c24af631d8b1e6d0669,ES-04,ES,15,2026-10-03
ES-05.pdf,1660456,bf8ed0204ddefb9e294639c03981a398ab760b30cc3f328a38bb15dfb5aace1a,ES-05,ES,25,2026-10-03
ES-06.pdf,562265,78e1d5d044bd663a44a614e0df24f063bbfc02db3f8c4132cffe0017acfdf34d,ES-06,ES,8,2026-10-03
GE-01.pdf,543027,0689b30664a64debbdb703ff81f5f5b6f761f60e99c56921e5b4f4e714cb40f2,GE-01,GE,7,2026-10-03
GE-02.pdf,433143,27e7e44182a8aee26bdc2c202a7664b946a3321ab893b7f01a7366beca30321b,GE-02,GE,6,2026-10-03
GE-03.pdf,580934,bb5f9f6c50103fe158be836a7b0cec2bf25a32eeec1c0b467d0c56245f545337,GE-03,GE,8,2026-10-03
GE-04.pdf,815894,e0b2ee2b7432183738c9ff5c93852b3a4f573af756b99552f67533b35f783224,GE-04,GE,13,2026-10-03
GE-05.pdf,542674,82051ba9582f7c73b7810f08e55f1e976c8623cd502abdc01c764a68793c8cf9,GE-05,GE,9,2026-10-03
GE-06.pdf,251194,a52874dc8ee1e6055a997b7381e5c4da8af7e8e02b6fa95db17eff8459862230,GE-06,GE,4,2026-10-03
GE-07.pdf,635408,2a4ef938d02be9fb1908039bb5af51455bbc55af91331150a4ca4a43bfca6efe,GE-07,GE,10,2026-10-03
GE-08.pdf,343972,dbe69d31e3a372f43db52ac79f6393d241448595ec0e140275a6688675e87cbf,GE-08,GE,7,2026-10-03
GE-09.pdf,558733,7be68a0f70abab46b18ed02e8c2aa561d4cbe261a0e4f60f38b054fbf11077c1,GE-09,GE,9,2026-10-03
GE-10.pdf,240828,562e8854c1ab7b4a176c3de2719653c188926354253da4751687fa2cec39ae71,GE-10,GE,5,2026-10-03
GE-11.pdf,431024,997a6edd6e22273fad495391b3dcf0b4ec843ae159d7233d03ab6bd8d749606d,GE-11,GE,6,2026-10-03
GE-12.pdf,309019,61381ea5ac4afa6d1422324f09a4b9336d8c0dd981c76b5c0c31e8b1f95825a1,GE-12,GE,5,2026-10-03
GE-13.pdf,255963,af4323caef0439b53a81ed968467aa06aa33a590f6d5d0db91ce9ecd0c53cfd2,GE-13,GE,5,2026-10-03
GO-01.pdf,359555,58010f4837a35482ef27dec96881ce19fbc33b1fc391ebd95bd45b8add6c2dd7,GO-01,GO,5,2026-10-03
GO-02.pdf,388780,73dea300b491d2ab3276d56aafe7243956376a7a822df4ad576f2d7c17647487,GO-02,GO,7,2026-10-03
GO-03.pdf,387246,f2b2b4653c318a083b52e7188fd4574c8aa1edc1881944cf13bcb628e8713f85,GO-03,GO,6,2026-10-03
GO-04.pdf,291648,2a81a12636071c77dfeb2cae5a2b6a7f84bb47fb78bbcbd111183e9ce3d0c77b,GO-04,GO,4,2026-10-03
GO-05.pdf,428213,17d4278ecf2b5afd2ae6a13b6074cede2fa52ff9f8e3c9f7e7a3592de580827e,GO-05,GO,6,2026-10-03
GO-06.pdf,579046,a7504eb50711e4592810868d225ff703e3255128fcaa6e29c9217003dac12fa9,GO-06,GO,9,2026-10-03
GO-07.pdf,301537,05886963416ea1ab18254153bdc7da4a7e52c192e9b3f023969ec36c8c2f64f4,GO-07,GO,4,2026-10-03
GO-08.pdf,474873,69280980a4bc68799099f163d15de0139632f12c9d0ece3d1155e6dba7d8eea2,GO-08,GO,7,2026-10-03
GO-09.pdf,594543,5427e3d317a229e309c3646be5e7cfd7fb81901ca1251a8001510ad697ba595e,GO-09,GO,9,2026-10-03
GO-10.pdf,286038,673b00dc41c044f74fb4134d1b518d1b3a263a84f66efd7a180741b359cc4a32,GO-10,GO,6,2026-10-03
ID-01.pdf,378726,d5021c4a9f6ea5494eeebb41dcd937f64ed7a1d6307bfbe11358fbf41213bc41,ID-01,ID,6,2026-10-03
ID-02.pdf,909622,60d5e3e54d972125153311d3079d421b6f383a93c2efc2d12cc6d2987aead9e9,ID-02,ID,12,2026-10-03
ID-03.pdf,691270,ec2df6aafcd124a7b31b8b69b3d355cded8451dd3613ffe063f626a0f62a0a90,ID-03,ID,11,2026-10-03
ID-04.pdf,443134,b7c9527c0fa53284f317e54623a539c19d21b2755d0c029a06b6f454dae53fb8,ID-04,ID,8,2026-10-03
ID-05.pdf,334835,181211245d60977864c677acabcc2082d47807332f28c59270f75944bbe6be5b,ID-05,ID,6,2026-10-03
IN-01.pdf,599059,f9feb5dcc927ce7b7105c001e45b0a560b65107af67e7c6b92dbdf0f90d1b64f,IN-01,IN,8,2026-10-03
IN-02.pdf,573839,7c01674eb0d51c7279447487cec2830f03db1a43e73ccc12b07ef8ed047df396,IN-02,IN,8,2026-10-03
IN-03.pdf,764254,d9f7bba01f953593996f68dc0ffff32d874a00cd3458b1a11b7165a3434bfce6,IN-03,IN,12,2026-10-03
IN-04.pdf,1518496,bfab03a2f5da9c6905b79e890e9b5401a245d042db5d694214133173981f0def,IN-04,IN,15,2026-10-03
IN-05.pdf,664003,b65542b7e5cd62eb24e55018c377ecb24bdc03bfd23dae8634aa981186cdfa5b,IN-05,IN,9,2026-10-03
IN-06.pdf,927281,d572c18bbab5d4ff62cab7d3a86d987bef5a6aac464d66db1f36fa838e8bb43e,IN-06,IN,14,2026-10-03
IN-07.pdf,4810368,9fb48ce728b42a1a510e95ab1e4c55d3df6440bb374f5f432fe7fe8a75d20c35,IN-07,IN,45,2026-10-03
IN-08.pdf,710272,fc074735b512bb650b6fbb93f3399cf0ffb7f17a3763db22bead149117723378,IN-08,IN,10,2026-10-03
IT-01.pdf,710361,062c9e80ce0786f6f9b8e82acf33360339d353c96b6f8dccfba5ed3b5e1c6985,IT-01,IT,10,2026-10-03
IT-02.pdf,716597,6bedb4f7d5feff20eec09767fa4e3589deac56e4b6d3e31eb185ffdee581891a,IT-02,IT,11,2026-10-03
IT-03.pdf,561783,f5607a816e92319f39e1b76dd1835b99e2bf7c0299901915fd4d0d56bac8d8cb,IT-03,IT,7,2026-10-03
IT-04.pdf,978578,d9d73d2aace5e006eefbbcf9efca9c3418e4aa38e4e72a3ae29552ca07d731f5,IT-04,IT,9,2026-10-03
IT-05.pdf,566758,42c489535e3fc5ab4573e8a88d906910205f6b3fb502c5ee8a4309cfaeba4b1a,IT-05,IT,6,2026-10-03
IT-06.pdf,612503,e475eab3d498f804b86bf9b428c4dd883cc31e234c3131fd6c1bd10e5fdc928f,IT-06,IT,9,2026-10-03
IT-07.pdf,635728,d8f0f420fc5e16f425d65b8e4a7f79801e58f124c5ee8b0d195e29cf91be7297,IT-07,IT,9,2026-10-03
IT-08.pdf,580389,d8d61a50a0099a3034fc34b2ed9c83bb22e732d162702652f4a6832200acddf7,IT-08,IT,7,2026-10-03
NE-01.pdf,659550,1cd37da94b2438793120686e7e7f9d716cf8ee87cd0466b23ff40a8ad422da65,NE-01,NE,8,2026-10-03
NE-02.pdf,365770,18307295d9dd78a324097da3d72cc7bfefbb45e0c2d17757e552204cbb7743e9,NE-02,NE,5,2026-10-03
NE-03.pdf,1203068,4b7e433c06a40156c9243218b28e74177fed35d781490d48229a3f2420ad326b,NE-03,NE,13,2026-10-03
NE-04.pdf,580093,fb1537f5fc5eed0fa95e29894b2c4e91cc9204971d74908749e5e347c0960a51,NE-04,NE,8,2026-10-03
NE-05.pdf,1335252,5e96027f65704fbea97a98bcbd118e095319142ee7c66b950ae80c94a19552c8,NE-05,NE,18,2026-10-03
NE-06.pdf,1090933,b8ee62899e58c245492b4c7fd46cf31b1c41858a3f5c77244d22bb24f2c5a749,NE-06,NE,15,2026-10-03
NE-07.pdf,452041,df3758630be1e65baa2e38462deeeb584e0f9ba9f10a7111a8c96915121ffd04,NE-07,NE,7,2026-10-03
OP-01.pdf,278200,7ec7df1fface8df16063845ff0d6f9c2873833901c233840a49537aef480376b,OP-01,OP,4,2026-10-03
OP-02.pdf,489850,2b7ef1454f1d3ec9704b9c720a8a1e34d80f045bcf96c328c6bf3fb76e6e00b2,OP-02,OP,6,2026-10-03
OP-03.pdf,454590,5f58eaf4e462a6d9dade4d5727d71892a1222b31694664d882074020cac98dc5,OP-03,OP,6,2026-10-03
OP-04.pdf,559261,832bbbd30339b19197649fa4a53593551ba9b9a14194f64b9aa3a7e68347f88f,OP-04,OP,8,2026-10-03
OP-05.pdf,443703,dc24f9179e31d3f6b41467a4854dfd4f1177bf504ee00f312bea04510b84877c,OP-05,OP,8,2026-10-03
OP-06.pdf,439456,81782774f78efb5121921a93d0d6fdbccfbbe70f3bb80ea52334d1f196f6ab3e,OP-06,OP,8,2026-10-03
OP-07.pdf,736874,0e017f17d8844e33f845a495ab04f37e277f70afef097ff055436634c96fd43a,OP-07,OP,11,2026-10-03
OP-08.pdf,358631,e3124b873f689e9af307c1d543203ad5f8b0d4cf47fded7f8863a529c5685510,OP-08,OP,5,2026-10-03
RE-01.pdf,480805,6ad5d1d5cbdd23714bae816b91cc71a1ee194b2836ef69e825d977b31b61df33,RE-01,RE,7,2026-10-03
RE-02.pdf,1047943,b04e2c35d2a6208821bea7a1f4bb7bb2bb52ec3506879ad59f742b4447ba6895,RE-02,RE,10,2026-10-03
RE-03.pdf,674495,123d426066e17653cf067f96194b848b9bdb200d48d4206e1b681ccc8f54a612,RE-03,RE,9,2026-10-03
RE-04.pdf,835276,f6e049bd6bc37cff103ff075b0bab8bf956d5d109e042b331ca40f07a0021065,RE-04,RE,11,2026-10-03
RE-05.pdf,1056959,c515080c65bc3ecff95766d211b0f60ca1c3cd9ccb5ef5d6604b38ab3c0048dc,RE-05,RE,13,2026-10-03
RE-06.pdf,1451821,3695d734a85428a6b22f61089216542d8e912b7f1b043b91e6d864a51ee8913e,RE-06,RE,16,2026-10-03
RE-07.pdf,636530,9e0499da701d107c0f3f43e187a827f809dac7bf77d809e33f8a3d64301a5e73,RE-07,RE,9,2026-10-03
RE-08.pdf,443092,4e3077a424a7803b09422531ed8d97e0e7cdf5e30a09b282e1a8642221c5548b,RE-08,RE,8,2026-10-03
